<?xml version="1.0" encoding="UTF-8"?>
<project-private xmlns="http://www.netbeans.org/ns/project-private/1">
    <open-files xmlns="http://www.netbeans.org/ns/projectui-open-files/2">
        <group>
            <file>file:/var/www/html/proyectoTecno/common/config/params-local.php</file>
            <file>file:/var/www/html/proyectoTecno/common/config/main-local.php</file>
            <file>file:/var/www/html/proyectoTecno/common/config/main.php</file>
            <file>file:/var/www/html/proyectoTecno/common/config/bootstrap.php</file>
        </group>
    </open-files>
</project-private>
